{"mean": [0.7982676029205322, 0.6385528445243835, 0.7715924978256226], "std": [0.18074369430541992, 0.26708683371543884, 0.17024697363376617]}