{"mean": [0.7446640729904175, 0.5733005404472351, 0.7280433773994446], "std": [0.21521449089050293, 0.2822308838367462, 0.18802255392074585]}